Group,UniqueRate,Drug-likeness >= 0.70,Docking <= -8.0 kcal/mol,LogP in 0-5,Lipinski-style profile,No structural alerts,Balanced profile,PAINSAlertRate,SureChEMBLAlertRate,GlaxoAlertRate
LLM + Docking,62.0,80.80000000000001,95.7,23.400000000000002,23.400000000000002,96.6,18.0,0.4,3.3000000000000003,0.0
All properties,44.1,78.2,95.0,86.6,86.5,96.39999999999999,65.0,0.0,3.5999999999999996,0.0
Docking + All properties,75.8,0.8999999999999999,99.8,85.0,84.5,95.19999999999999,0.5,0.3,4.5,0.2
